{
  "project_info": {
    "project_number": "250278255277",
    "firebase_url": "https://servicesms-11734.firebaseio.com",
    "project_id": "servicesms-11734",
    "storage_bucket": "servicesms-11734.appspot.com"
  },
  "client": [
    {
      "client_info": {
        "mobilesdk_app_id": "1:250278255277:android:aa20f503ef085e39de0424",
        "android_client_info": {
          "package_name": "com.example.navigationcheck"
        }
      },
      "oauth_client": [
        {
          "client_id": "250278255277-c1di4seism7qjl3q0u01su39t4kc80it.apps.googleusercontent.com",
          "client_type": 1,
          "android_info": {
            "package_name": "com.example.navigationcheck",
            "certificate_hash": "a8015b60ce3357a12640919bf10b67552ce6a36e"
          }
        },
        {
          "client_id": "250278255277-95v875pfhjdoacfac0kquk97tero4e9v.apps.googleusercontent.com",
          "client_type": 3
        }
      ],
      "api_key": [
        {
          "current_key": "AIzaSyAKULKhWkGd4p-kl1kM52ejTDdVH9BPZ_A"
        }
      ],
      "services": {
        "appinvite_service": {
          "other_platform_oauth_client": [
            {
              "client_id": "250278255277-95v875pfhjdoacfac0kquk97tero4e9v.apps.googleusercontent.com",
              "client_type": 3
            }
          ]
        }
      }
    },
    {
      "client_info": {
        "mobilesdk_app_id": "1:250278255277:android:63f63913071d9e55de0424",
        "android_client_info": {
          "package_name": "com.example.servicesms"
        }
      },
      "oauth_client": [
        {
          "client_id": "250278255277-d7n6713r2i3cf9snrtrhese6u5t8gmuu.apps.googleusercontent.com",
          "client_type": 1,
          "android_info": {
            "package_name": "com.example.servicesms",
            "certificate_hash": "a8015b60ce3357a12640919bf10b67552ce6a36e"
          }
        },
        {
          "client_id": "250278255277-95v875pfhjdoacfac0kquk97tero4e9v.apps.googleusercontent.com",
          "client_type": 3
        }
      ],
      "api_key": [
        {
          "current_key": "AIzaSyAKULKhWkGd4p-kl1kM52ejTDdVH9BPZ_A"
        }
      ],
      "services": {
        "appinvite_service": {
          "other_platform_oauth_client": [
            {
              "client_id": "250278255277-95v875pfhjdoacfac0kquk97tero4e9v.apps.googleusercontent.com",
              "client_type": 3
            }
          ]
        }
      }
    }
  ],
  "configuration_version": "1"
}